{"cameraMode":{"drawMode":0,"name":"Shaded","section":"Shading Mode"},"sceneLighting":false,"audioPlay":false,"sceneViewState":{"showFog":false,"showMaterialUpdate":false,"showSkybox":false,"showFlares":false,"showImageEffects":false,"showParticleSystems":false},"in2DMode":false,"pivot":{"x":971.720458984375,"y":443.3880615234375,"z":-12.8255615234375},"rotation":{"x":-0.1497216671705246,"y":-0.017205722630023958,"z":0.0026058233343064787,"w":-0.9885751008987427},"size":1729.1788330078125,"orthographic":false}